id|comment|modulename|x|y|chart_id|data_id|subtype_id|type_id|parent_id|uid
Test-001|.|.|.|.|Test|.|.|1||.
Test-002|.|.|.|.|Test|.|.|23|Test-001|.
Test-003|.|.|.|.|Test|.|.|24|Test-001|.
Test-004|.|.|.|.|Test|.|.|26|Test-001|.
Test-005|.|.|.|.|Test|.|.|29|Test-001|.
Test-006|.|.|.|.|Test|.|.|31|Test-001|.
Test-007|.|.|.|.|Test|.|.|32|Test-001|.
Test-008|.|.|.|.|Test|.|.|34|Test-001|.
Test-009|.|.|.|.|Test|.|.|70|Test-001|.
Test-010|.|.|.|.|Test|.|.|85|Test-001|.
Test-011|.|.|.|.|Test|.|.|88|Test-001|.
Test-012|.|.|.|.|Test|.|.|17|Test-001|.
Test-013|.|.|.|.|Test|.|.|18|Test-001|.
Test-014|.|.|.|.|Test|.|.|25|Test-002|.
Test-015|.|.|.|.|Test|.|.|19|Test-002|.
Test-016|.|.|.|.|Test|.|.|30|Test-002|.
Test-017|.|.|.|.|Test|.|.|31|Test-002|.
Test-018|.|.|.|.|Test|.|.|32|Test-002|.
Test-019|.|.|.|.|Test|.|.|35|Test-002|.
Test-020|.|.|.|.|Test|.|.|52|Test-002|.
Test-021|.|.|.|.|Test|.|.|53|Test-002|.
Test-022|.|.|.|.|Test|.|.|54|Test-002|.
Test-023|.|.|.|.|Test|.|.|55|Test-002|.
Test-024|.|.|.|.|Test|.|.|56|Test-002|.
Test-025|.|.|.|.|Test|.|.|57|Test-002|.
Test-026|.|.|.|.|Test|.|.|71|Test-002|.
Test-027|.|.|.|.|Test|.|.|87|Test-002|.
Test-028|.|.|.|.|Test|.|.|95|Test-002|.
Test-029|.|.|.|.|Test|.|.|96|Test-002|.
Test-030|.|.|.|.|Test|.|.|99|Test-002|.
Test-031|.|.|.|.|Test|.|.|106|Test-002|.
Test-032|.|.|.|.|Test|.|.|127|Test-002|.
Test-033|.|.|.|.|Test|.|.|27|Test-003|.
Test-034|.|.|.|.|Test|.|.|30|Test-003|.
Test-035|.|.|.|.|Test|.|.|31|Test-003|.
Test-036|.|.|.|.|Test|.|.|32|Test-003|.
Test-037|.|.|.|.|Test|.|.|35|Test-003|.
Test-038|.|.|.|.|Test|.|.|52|Test-003|.
Test-039|.|.|.|.|Test|.|.|53|Test-003|.
Test-040|.|.|.|.|Test|.|.|54|Test-003|.
Test-041|.|.|.|.|Test|.|.|55|Test-003|.
Test-042|.|.|.|.|Test|.|.|56|Test-003|.
Test-043|.|.|.|.|Test|.|.|57|Test-003|.
Test-044|.|.|.|.|Test|.|.|71|Test-003|.
Test-045|.|.|.|.|Test|.|.|87|Test-003|.
Test-046|.|.|.|.|Test|.|.|95|Test-003|.
Test-047|.|.|.|.|Test|.|.|96|Test-003|.
Test-048|.|.|.|.|Test|.|.|97|Test-003|.
Test-049|.|.|.|.|Test|.|.|98|Test-003|.
Test-050|.|.|.|.|Test|.|.|99|Test-003|.
Test-051|.|.|.|.|Test|.|.|106|Test-003|.
Test-052|.|.|.|.|Test|.|.|127|Test-003|.
Test-053|.|.|.|.|Test|.|.|53|Test-004|.
Test-054|.|.|.|.|Test|.|.|54|Test-004|.
Test-055|.|.|.|.|Test|.|.|71|Test-004|.
Test-056|.|.|.|.|Test|.|.|87|Test-004|.
Test-057|.|.|.|.|Test|.|.|95|Test-004|.
Test-058|.|.|.|.|Test|.|.|96|Test-004|.
Test-059|.|.|.|.|Test|.|.|97|Test-004|.
Test-060|.|.|.|.|Test|.|.|98|Test-004|.
Test-061|.|.|.|.|Test|.|.|99|Test-004|.
Test-062|.|.|.|.|Test|.|.|106|Test-004|.
Test-063|.|.|.|.|Test|.|.|127|Test-004|.
Test-064|.|.|.|.|Test|.|.|36|Test-005|.
Test-065|.|.|.|.|Test|.|.|34|Test-005|.
Test-066|.|.|.|.|Test|.|.|42|Test-035|.
Test-067|.|.|.|.|Test|.|.|32|Test-035|.
Test-068|.|.|.|.|Test|.|.|87|Test-035|.
Test-069|.|.|.|.|Test|.|.|109|Test-035|.
Test-070|.|.|.|.|Test|.|.|110|Test-035|.
Test-071|.|.|.|.|Test|.|.|111|Test-035|.
Test-072|.|.|.|.|Test|.|.|124|Test-035|.
Test-073|.|.|.|.|Test|.|.|43|Test-067|.
Test-074|.|.|.|.|Test|.|.|44|Test-067|.
Test-075|.|.|.|.|Test|.|.|45|Test-067|.
Test-076|.|.|.|.|Test|.|.|47|Test-065|.
Test-077|.|.|.|.|Test|.|.|48|Test-065|.
Test-078|.|.|.|.|Test|.|.|49|Test-065|.
Test-079|.|.|.|.|Test|.|.|157|Test-065|.
Test-080|.|.|.|.|Test|.|.|77|Test-009|.
Test-081|.|.|.|.|Test|.|.|85|Test-009|.
Test-082|.|.|.|.|Test|.|.|190|Test-081|.
Test-083|.|.|.|.|Test|.|.|120|Test-081|.
Test-084|.|.|.|.|Test|.|.|125|Test-081|.
Test-085|.|.|.|.|Test|.|.|126|Test-081|.
Test-086|.|.|.|.|Test|.|.|20|Test-012|.
Test-087|.|.|.|.|Test|.|.|29|Test-012|.
Test-088|.|.|.|.|Test|.|.|30|Test-012|.
Test-089|.|.|.|.|Test|.|.|31|Test-012|.
Test-090|.|.|.|.|Test|.|.|32|Test-012|.
Test-091|.|.|.|.|Test|.|.|34|Test-012|.
Test-092|.|.|.|.|Test|.|.|35|Test-012|.
Test-093|.|.|.|.|Test|.|.|52|Test-012|.
Test-094|.|.|.|.|Test|.|.|53|Test-012|.
Test-095|.|.|.|.|Test|.|.|54|Test-012|.
Test-096|.|.|.|.|Test|.|.|57|Test-012|.
Test-097|.|.|.|.|Test|.|.|67|Test-012|.
Test-098|.|.|.|.|Test|.|.|68|Test-012|.
Test-099|.|.|.|.|Test|.|.|69|Test-012|.
Test-100|.|.|.|.|Test|.|.|79|Test-012|.
Test-101|.|.|.|.|Test|.|.|80|Test-012|.
Test-102|.|.|.|.|Test|.|.|81|Test-012|.
Test-103|.|.|.|.|Test|.|.|85|Test-012|.
Test-104|.|.|.|.|Test|.|.|87|Test-012|.
Test-105|.|.|.|.|Test|.|.|91|Test-012|.
Test-106|.|.|.|.|Test|.|.|92|Test-012|.
Test-107|.|.|.|.|Test|.|.|99|Test-012|.
Test-108|.|.|.|.|Test|.|.|105|Test-012|.
Test-109|.|.|.|.|Test|.|.|106|Test-012|.
Test-110|.|.|.|.|Test|.|.|23|Test-012|.
Test-111|.|.|.|.|Test|.|.|24|Test-012|.
Test-112|.|.|.|.|Test|.|.|29|Test-013|.
Test-113|.|.|.|.|Test|.|.|30|Test-013|.
Test-114|.|.|.|.|Test|.|.|31|Test-013|.
Test-115|.|.|.|.|Test|.|.|32|Test-013|.
Test-116|.|.|.|.|Test|.|.|34|Test-013|.
Test-117|.|.|.|.|Test|.|.|35|Test-013|.
Test-118|.|.|.|.|Test|.|.|52|Test-013|.
Test-119|.|.|.|.|Test|.|.|53|Test-013|.
Test-120|.|.|.|.|Test|.|.|54|Test-013|.
Test-121|.|.|.|.|Test|.|.|57|Test-013|.
Test-122|.|.|.|.|Test|.|.|67|Test-013|.
Test-123|.|.|.|.|Test|.|.|68|Test-013|.
Test-124|.|.|.|.|Test|.|.|69|Test-013|.
Test-125|.|.|.|.|Test|.|.|79|Test-013|.
Test-126|.|.|.|.|Test|.|.|80|Test-013|.
Test-127|.|.|.|.|Test|.|.|81|Test-013|.
Test-128|.|.|.|.|Test|.|.|85|Test-013|.
Test-129|.|.|.|.|Test|.|.|87|Test-013|.
Test-130|.|.|.|.|Test|.|.|91|Test-013|.
Test-131|.|.|.|.|Test|.|.|92|Test-013|.
Test-132|.|.|.|.|Test|.|.|99|Test-013|.
Test-133|.|.|.|.|Test|.|.|105|Test-013|.
Test-134|.|.|.|.|Test|.|.|106|Test-013|.
Loop-001|.|.|.|.|Loop|.|.|1||.
Loop-002|.|.|.|.|Loop|.|.|23|Loop-001|.
Loop-003|.|.|.|.|Loop|.|.|18|Loop-002|.
Loop-004|.|.|.|.|Loop|.|.|23|Loop-003|.
Loop-005|.|.|.|.|Loop|.|.|18|Loop-004|.
Tier-04-001|.|.|.|.|Tier-04|.|.|1||.
Tier-04-002|.|.|.|.|Tier-04|.|.|23|Tier-04-001|.
Tier-04-003|.|.|.|.|Tier-04|.|.|24|Tier-04-001|.
Tier-04-004|.|.|.|.|Tier-04|.|.|26|Tier-04-001|.
Tier-04-005|.|.|.|.|Tier-04|.|.|29|Tier-04-001|.
Tier-04-006|.|.|.|.|Tier-04|.|.|31|Tier-04-001|.
Tier-04-007|.|.|.|.|Tier-04|.|.|32|Tier-04-001|.
Tier-04-008|.|.|.|.|Tier-04|.|.|34|Tier-04-001|.
Tier-04-009|.|.|.|.|Tier-04|.|.|70|Tier-04-001|.
Tier-04-010|.|.|.|.|Tier-04|.|.|85|Tier-04-001|.
Tier-04-011|.|.|.|.|Tier-04|.|.|88|Tier-04-001|.
Tier-04-012|.|.|.|.|Tier-04|.|.|17|Tier-04-001|.
Tier-04-013|.|.|.|.|Tier-04|.|.|18|Tier-04-001|.
Tier-04-014|.|.|.|.|Tier-04|.|.|25|Tier-04-002|.
Tier-04-015|.|.|.|.|Tier-04|.|.|18|Tier-04-002|.
Tier-04-016|.|.|.|.|Tier-04|.|.|19|Tier-04-002|.
Tier-04-017|.|.|.|.|Tier-04|.|.|30|Tier-04-002|.
Tier-04-018|.|.|.|.|Tier-04|.|.|31|Tier-04-002|.
Tier-04-019|.|.|.|.|Tier-04|.|.|32|Tier-04-002|.
Tier-04-020|.|.|.|.|Tier-04|.|.|35|Tier-04-002|.
Tier-04-021|.|.|.|.|Tier-04|.|.|52|Tier-04-002|.
Tier-04-022|.|.|.|.|Tier-04|.|.|53|Tier-04-002|.
Tier-04-023|.|.|.|.|Tier-04|.|.|54|Tier-04-002|.
Tier-04-024|.|.|.|.|Tier-04|.|.|55|Tier-04-002|.
Tier-04-025|.|.|.|.|Tier-04|.|.|56|Tier-04-002|.
Tier-04-026|.|.|.|.|Tier-04|.|.|57|Tier-04-002|.
Tier-04-027|.|.|.|.|Tier-04|.|.|71|Tier-04-002|.
Tier-04-028|.|.|.|.|Tier-04|.|.|87|Tier-04-002|.
Tier-04-029|.|.|.|.|Tier-04|.|.|95|Tier-04-002|.
Tier-04-030|.|.|.|.|Tier-04|.|.|96|Tier-04-002|.
Tier-04-031|.|.|.|.|Tier-04|.|.|99|Tier-04-002|.
Tier-04-032|.|.|.|.|Tier-04|.|.|106|Tier-04-002|.
Tier-04-033|.|.|.|.|Tier-04|.|.|127|Tier-04-002|.
Tier-04-034|.|.|.|.|Tier-04|.|.|17|Tier-04-003|.
Tier-04-035|.|.|.|.|Tier-04|.|.|18|Tier-04-003|.
Tier-04-036|.|.|.|.|Tier-04|.|.|19|Tier-04-003|.
Tier-04-037|.|.|.|.|Tier-04|.|.|27|Tier-04-003|.
Tier-04-038|.|.|.|.|Tier-04|.|.|30|Tier-04-003|.
Tier-04-039|.|.|.|.|Tier-04|.|.|31|Tier-04-003|.
Tier-04-040|.|.|.|.|Tier-04|.|.|32|Tier-04-003|.
Tier-04-041|.|.|.|.|Tier-04|.|.|35|Tier-04-003|.
Tier-04-042|.|.|.|.|Tier-04|.|.|52|Tier-04-003|.
Tier-04-043|.|.|.|.|Tier-04|.|.|53|Tier-04-003|.
Tier-04-044|.|.|.|.|Tier-04|.|.|54|Tier-04-003|.
Tier-04-045|.|.|.|.|Tier-04|.|.|55|Tier-04-003|.
Tier-04-046|.|.|.|.|Tier-04|.|.|56|Tier-04-003|.
Tier-04-047|.|.|.|.|Tier-04|.|.|57|Tier-04-003|.
Tier-04-048|.|.|.|.|Tier-04|.|.|71|Tier-04-003|.
Tier-04-049|.|.|.|.|Tier-04|.|.|87|Tier-04-003|.
Tier-04-050|.|.|.|.|Tier-04|.|.|95|Tier-04-003|.
Tier-04-051|.|.|.|.|Tier-04|.|.|96|Tier-04-003|.
Tier-04-052|.|.|.|.|Tier-04|.|.|97|Tier-04-003|.
Tier-04-053|.|.|.|.|Tier-04|.|.|98|Tier-04-003|.
Tier-04-054|.|.|.|.|Tier-04|.|.|99|Tier-04-003|.
Tier-04-055|.|.|.|.|Tier-04|.|.|106|Tier-04-003|.
Tier-04-056|.|.|.|.|Tier-04|.|.|127|Tier-04-003|.
Tier-04-057|.|.|.|.|Tier-04|.|.|53|Tier-04-004|.
Tier-04-058|.|.|.|.|Tier-04|.|.|54|Tier-04-004|.
Tier-04-059|.|.|.|.|Tier-04|.|.|71|Tier-04-004|.
Tier-04-060|.|.|.|.|Tier-04|.|.|87|Tier-04-004|.
Tier-04-061|.|.|.|.|Tier-04|.|.|95|Tier-04-004|.
Tier-04-062|.|.|.|.|Tier-04|.|.|96|Tier-04-004|.
Tier-04-063|.|.|.|.|Tier-04|.|.|97|Tier-04-004|.
Tier-04-064|.|.|.|.|Tier-04|.|.|98|Tier-04-004|.
Tier-04-065|.|.|.|.|Tier-04|.|.|99|Tier-04-004|.
Tier-04-066|.|.|.|.|Tier-04|.|.|106|Tier-04-004|.
Tier-04-067|.|.|.|.|Tier-04|.|.|127|Tier-04-004|.
Tier-04-068|.|.|.|.|Tier-04|.|.|36|Tier-04-005|.
Tier-04-069|.|.|.|.|Tier-04|.|.|34|Tier-04-005|.
Tier-04-070|.|.|.|.|Tier-04|.|.|42|Tier-04-039|.
Tier-04-071|.|.|.|.|Tier-04|.|.|32|Tier-04-039|.
Tier-04-072|.|.|.|.|Tier-04|.|.|87|Tier-04-039|.
Tier-04-073|.|.|.|.|Tier-04|.|.|109|Tier-04-039|.
Tier-04-074|.|.|.|.|Tier-04|.|.|110|Tier-04-039|.
Tier-04-075|.|.|.|.|Tier-04|.|.|111|Tier-04-039|.
Tier-04-076|.|.|.|.|Tier-04|.|.|124|Tier-04-039|.
Tier-04-077|.|.|.|.|Tier-04|.|.|43|Tier-04-071|.
Tier-04-078|.|.|.|.|Tier-04|.|.|44|Tier-04-071|.
Tier-04-079|.|.|.|.|Tier-04|.|.|45|Tier-04-071|.
Tier-04-080|.|.|.|.|Tier-04|.|.|47|Tier-04-069|.
Tier-04-081|.|.|.|.|Tier-04|.|.|48|Tier-04-069|.
Tier-04-082|.|.|.|.|Tier-04|.|.|49|Tier-04-069|.
Tier-04-083|.|.|.|.|Tier-04|.|.|157|Tier-04-069|.
Tier-04-084|.|.|.|.|Tier-04|.|.|77|Tier-04-009|.
Tier-04-085|.|.|.|.|Tier-04|.|.|85|Tier-04-009|.
Tier-04-086|.|.|.|.|Tier-04|.|.|190|Tier-04-085|.
Tier-04-087|.|.|.|.|Tier-04|.|.|120|Tier-04-085|.
Tier-04-088|.|.|.|.|Tier-04|.|.|125|Tier-04-085|.
Tier-04-089|.|.|.|.|Tier-04|.|.|126|Tier-04-085|.
Tier-04-090|.|.|.|.|Tier-04|.|.|20|Tier-04-034|.
Tier-04-091|.|.|.|.|Tier-04|.|.|29|Tier-04-034|.
Tier-04-092|.|.|.|.|Tier-04|.|.|30|Tier-04-034|.
Tier-04-093|.|.|.|.|Tier-04|.|.|31|Tier-04-034|.
Tier-04-094|.|.|.|.|Tier-04|.|.|32|Tier-04-034|.
Tier-04-095|.|.|.|.|Tier-04|.|.|34|Tier-04-034|.
Tier-04-096|.|.|.|.|Tier-04|.|.|35|Tier-04-034|.
Tier-04-097|.|.|.|.|Tier-04|.|.|52|Tier-04-034|.
Tier-04-098|.|.|.|.|Tier-04|.|.|53|Tier-04-034|.
Tier-04-099|.|.|.|.|Tier-04|.|.|54|Tier-04-034|.
Tier-04-100|.|.|.|.|Tier-04|.|.|57|Tier-04-034|.
Tier-04-101|.|.|.|.|Tier-04|.|.|67|Tier-04-034|.
Tier-04-102|.|.|.|.|Tier-04|.|.|68|Tier-04-034|.
Tier-04-103|.|.|.|.|Tier-04|.|.|69|Tier-04-034|.
Tier-04-104|.|.|.|.|Tier-04|.|.|79|Tier-04-034|.
Tier-04-105|.|.|.|.|Tier-04|.|.|80|Tier-04-034|.
Tier-04-106|.|.|.|.|Tier-04|.|.|81|Tier-04-034|.
Tier-04-107|.|.|.|.|Tier-04|.|.|85|Tier-04-034|.
Tier-04-108|.|.|.|.|Tier-04|.|.|87|Tier-04-034|.
Tier-04-109|.|.|.|.|Tier-04|.|.|91|Tier-04-034|.
Tier-04-110|.|.|.|.|Tier-04|.|.|92|Tier-04-034|.
Tier-04-111|.|.|.|.|Tier-04|.|.|99|Tier-04-034|.
Tier-04-112|.|.|.|.|Tier-04|.|.|105|Tier-04-034|.
Tier-04-113|.|.|.|.|Tier-04|.|.|106|Tier-04-034|.
Tier-04-114|.|.|.|.|Tier-04|.|.|23|Tier-04-034|.
Tier-04-115|.|.|.|.|Tier-04|.|.|24|Tier-04-034|.
Tier-04-116|.|.|.|.|Tier-04|.|.|20|Tier-04-035|.
Tier-04-117|.|.|.|.|Tier-04|.|.|29|Tier-04-035|.
Tier-04-118|.|.|.|.|Tier-04|.|.|30|Tier-04-035|.
Tier-04-119|.|.|.|.|Tier-04|.|.|31|Tier-04-035|.
Tier-04-120|.|.|.|.|Tier-04|.|.|32|Tier-04-035|.
Tier-04-121|.|.|.|.|Tier-04|.|.|34|Tier-04-035|.
Tier-04-122|.|.|.|.|Tier-04|.|.|35|Tier-04-035|.
Tier-04-123|.|.|.|.|Tier-04|.|.|52|Tier-04-035|.
Tier-04-124|.|.|.|.|Tier-04|.|.|53|Tier-04-035|.
Tier-04-125|.|.|.|.|Tier-04|.|.|54|Tier-04-035|.
Tier-04-126|.|.|.|.|Tier-04|.|.|57|Tier-04-035|.
Tier-04-127|.|.|.|.|Tier-04|.|.|67|Tier-04-035|.
Tier-04-128|.|.|.|.|Tier-04|.|.|68|Tier-04-035|.
Tier-04-129|.|.|.|.|Tier-04|.|.|69|Tier-04-035|.
Tier-04-130|.|.|.|.|Tier-04|.|.|79|Tier-04-035|.
Tier-04-131|.|.|.|.|Tier-04|.|.|80|Tier-04-035|.
Tier-04-132|.|.|.|.|Tier-04|.|.|81|Tier-04-035|.
Tier-04-133|.|.|.|.|Tier-04|.|.|85|Tier-04-035|.
Tier-04-134|.|.|.|.|Tier-04|.|.|87|Tier-04-035|.
Tier-04-135|.|.|.|.|Tier-04|.|.|91|Tier-04-035|.
Tier-04-136|.|.|.|.|Tier-04|.|.|92|Tier-04-035|.
Tier-04-137|.|.|.|.|Tier-04|.|.|99|Tier-04-035|.
Tier-04-138|.|.|.|.|Tier-04|.|.|105|Tier-04-035|.
Tier-04-139|.|.|.|.|Tier-04|.|.|106|Tier-04-035|.
Tier-04-140|.|.|.|.|Tier-04|.|.|23|Tier-04-035|.
Tier-04-141|.|.|.|.|Tier-04|.|.|24|Tier-04-035|.
Tier-04-142|.|.|.|.|Tier-04|.|.|20|Tier-04-035|.
Tier-04-143|.|.|.|.|Tier-04|.|.|29|Tier-04-035|.
Tier-04-144|.|.|.|.|Tier-04|.|.|30|Tier-04-035|.
Tier-04-145|.|.|.|.|Tier-04|.|.|31|Tier-04-035|.
Tier-04-146|.|.|.|.|Tier-04|.|.|32|Tier-04-035|.
Tier-04-147|.|.|.|.|Tier-04|.|.|34|Tier-04-035|.
Tier-04-148|.|.|.|.|Tier-04|.|.|35|Tier-04-035|.
Tier-04-149|.|.|.|.|Tier-04|.|.|52|Tier-04-035|.
Tier-04-150|.|.|.|.|Tier-04|.|.|53|Tier-04-035|.
Tier-04-151|.|.|.|.|Tier-04|.|.|54|Tier-04-035|.
Tier-04-152|.|.|.|.|Tier-04|.|.|57|Tier-04-035|.
Tier-04-153|.|.|.|.|Tier-04|.|.|67|Tier-04-035|.
Tier-04-154|.|.|.|.|Tier-04|.|.|68|Tier-04-035|.
Tier-04-155|.|.|.|.|Tier-04|.|.|69|Tier-04-035|.
Tier-04-156|.|.|.|.|Tier-04|.|.|79|Tier-04-035|.
Tier-04-157|.|.|.|.|Tier-04|.|.|80|Tier-04-035|.
Tier-04-158|.|.|.|.|Tier-04|.|.|81|Tier-04-035|.
Tier-04-159|.|.|.|.|Tier-04|.|.|85|Tier-04-035|.
Tier-04-160|.|.|.|.|Tier-04|.|.|87|Tier-04-035|.
Tier-04-161|.|.|.|.|Tier-04|.|.|91|Tier-04-035|.
Tier-04-162|.|.|.|.|Tier-04|.|.|92|Tier-04-035|.
Tier-04-163|.|.|.|.|Tier-04|.|.|99|Tier-04-035|.
Tier-04-164|.|.|.|.|Tier-04|.|.|105|Tier-04-035|.
Tier-04-165|.|.|.|.|Tier-04|.|.|106|Tier-04-035|.
Tier-04-166|.|.|.|.|Tier-04|.|.|23|Tier-04-035|.
Tier-04-167|.|.|.|.|Tier-04|.|.|24|Tier-04-035|.
Tier-04-168|.|.|.|.|Tier-04|.|.|30|Tier-04-036|.
Tier-04-169|.|.|.|.|Tier-04|.|.|31|Tier-04-036|.
Tier-04-170|.|.|.|.|Tier-04|.|.|32|Tier-04-036|.
Tier-04-171|.|.|.|.|Tier-04|.|.|34|Tier-04-036|.
Tier-04-172|.|.|.|.|Tier-04|.|.|35|Tier-04-036|.
Tier-04-173|.|.|.|.|Tier-04|.|.|52|Tier-04-036|.
Tier-04-174|.|.|.|.|Tier-04|.|.|67|Tier-04-036|.
Tier-04-175|.|.|.|.|Tier-04|.|.|68|Tier-04-036|.
Tier-04-176|.|.|.|.|Tier-04|.|.|69|Tier-04-036|.
Tier-04-177|.|.|.|.|Tier-04|.|.|85|Tier-04-036|.
Tier-04-178|.|.|.|.|Tier-04|.|.|87|Tier-04-036|.
Tier-04-179|.|.|.|.|Tier-04|.|.|23|Tier-04-036|.
Tier-04-180|.|.|.|.|Tier-04|.|.|24|Tier-04-036|.
Tier-04-181|.|.|.|.|Tier-04|.|.|37|Tier-04-168|.
Tier-04-182|.|.|.|.|Tier-04|.|.|38|Tier-04-168|.
Tier-04-183|.|.|.|.|Tier-04|.|.|39|Tier-04-168|.
Tier-04-184|.|.|.|.|Tier-04|.|.|40|Tier-04-168|.
Tier-04-185|.|.|.|.|Tier-04|.|.|41|Tier-04-168|.
Tier-04-186|.|.|.|.|Tier-04|.|.|150|Tier-04-168|.
Tier-04-187|.|.|.|.|Tier-04|.|.|151|Tier-04-168|.
Tier-04-188|.|.|.|.|Tier-04|.|.|152|Tier-04-168|.
Tier-04-189|.|.|.|.|Tier-04|.|.|153|Tier-04-168|.
Tier-04-190|.|.|.|.|Tier-04|.|.|154|Tier-04-168|.
Tier-04-191|.|.|.|.|Tier-04|.|.|32|Tier-04-168|.
Tier-04-192|.|.|.|.|Tier-04|.|.|53|Tier-04-168|.
Tier-04-193|.|.|.|.|Tier-04|.|.|124|Tier-04-168|.
Tier-04-194|.|.|.|.|Tier-04|.|.|42|Tier-04-169|.
Tier-04-195|.|.|.|.|Tier-04|.|.|32|Tier-04-169|.
Tier-04-196|.|.|.|.|Tier-04|.|.|87|Tier-04-169|.
Tier-04-197|.|.|.|.|Tier-04|.|.|109|Tier-04-169|.
Tier-04-198|.|.|.|.|Tier-04|.|.|110|Tier-04-169|.
Tier-04-199|.|.|.|.|Tier-04|.|.|111|Tier-04-169|.
Tier-04-200|.|.|.|.|Tier-04|.|.|124|Tier-04-169|.
Tier-04-201|.|.|.|.|Tier-04|.|.|43|Tier-04-195|.
Tier-04-202|.|.|.|.|Tier-04|.|.|44|Tier-04-195|.
Tier-04-203|.|.|.|.|Tier-04|.|.|45|Tier-04-195|.
Tier-04-204|.|.|.|.|Tier-04|.|.|50|Tier-04-172|.
Tier-04-205|.|.|.|.|Tier-04|.|.|51|Tier-04-172|.
Tier-04-206|.|.|.|.|Tier-04|.|.|31|Tier-04-172|.
Tier-04-207|.|.|.|.|Tier-04|.|.|87|Tier-04-172|.
Tier-04-208|.|.|.|.|Tier-04|.|.|121|Tier-04-172|.
Tier-04-209|.|.|.|.|Tier-04|.|.|109|Tier-04-172|.
Tier-04-210|.|.|.|.|Tier-04|.|.|110|Tier-04-172|.
Tier-04-211|.|.|.|.|Tier-04|.|.|133|Tier-04-172|.
Tier-04-212|.|.|.|.|Tier-04|.|.|58|Tier-04-173|.
Tier-04-213|.|.|.|.|Tier-04|.|.|59|Tier-04-173|.
Tier-04-214|.|.|.|.|Tier-04|.|.|60|Tier-04-173|.
Tier-04-215|.|.|.|.|Tier-04|.|.|61|Tier-04-173|.
Tier-04-216|.|.|.|.|Tier-04|.|.|160|Tier-04-192|.
Tier-04-217|.|.|.|.|Tier-04|.|.|161|Tier-04-192|.
Tier-04-218|.|.|.|.|Tier-04|.|.|162|Tier-04-192|.
Tier-04-219|.|.|.|.|Tier-04|.|.|163|Tier-04-192|.
Tier-04-220|.|.|.|.|Tier-04|.|.|164|Tier-04-192|.
Tier-04-221|.|.|.|.|Tier-04|.|.|170|Tier-04-045|.
Tier-04-222|.|.|.|.|Tier-04|.|.|.|Tier-04-045|.
Tier-04-223|.|.|.|.|Tier-04|.|.|.|Tier-04-045|.
Tier-04-224|.|.|.|.|Tier-04|.|.|32|Tier-04-046|.
Tier-04-225|.|.|.|.|Tier-04|.|.|57|Tier-04-046|.
Tier-04-226|.|.|.|.|Tier-04|.|.|66|Tier-04-225|.
Tier-04-227|.|.|.|.|Tier-04|.|.|112|Tier-04-225|.
Tier-04-228|.|.|.|.|Tier-04|.|.|85|Tier-04-059|.
Tier-04-229|.|.|.|.|Tier-04|.|.|124|Tier-04-059|.
Tier-04-230|.|.|.|.|Tier-04|.|.|89|Tier-04-207|.
Tier-04-231|.|.|.|.|Tier-04|.|.|90|Tier-04-207|.
Tier-04-232|.|.|.|.|Tier-04|.|.|121|Tier-04-061|.
Tier-04-233|.|.|.|.|Tier-04|.|.|133|Tier-04-061|.
Tier-04-234|.|.|.|.|Tier-04|.|.|101|Tier-04-062|.
Tier-04-235|.|.|.|.|Tier-04|.|.|85|Tier-04-062|.
Tier-04-236|.|.|.|.|Tier-04|.|.|121|Tier-04-062|.
Tier-04-237|.|.|.|.|Tier-04|.|.|133|Tier-04-062|.
Tier-04-238|.|.|.|.|Tier-04|.|.|133|Tier-04-163|.
Tier-04-239|.|.|.|.|Tier-04|.|.|132|Tier-04-165|.
Tier-04-240|.|.|.|.|Tier-04|.|.|131|Tier-04-067|.
Tier-04-241|.|.|.|.|Tier-04|.|.|35|Tier-04-036|.
Tier-04-242|.|.|.|.|Tier-04|.|.|29|Tier-04-037|.
Tier-04-243|.|.|.|.|Tier-04|.|.|33|Tier-04-037|.
Tier-04-244|.|.|.|.|Tier-04|.|.|35|Tier-04-037|.
Tier-04-245|.|.|.|.|Tier-04|.|.|55|Tier-04-037|.
Tier-04-246|.|.|.|.|Tier-04|.|.|37|Tier-04-168|.
Tier-04-247|.|.|.|.|Tier-04|.|.|38|Tier-04-168|.
Tier-04-248|.|.|.|.|Tier-04|.|.|39|Tier-04-168|.
Tier-04-249|.|.|.|.|Tier-04|.|.|40|Tier-04-168|.
Tier-04-250|.|.|.|.|Tier-04|.|.|41|Tier-04-168|.
Tier-04-251|.|.|.|.|Tier-04|.|.|150|Tier-04-168|.
Tier-04-252|.|.|.|.|Tier-04|.|.|151|Tier-04-168|.
Tier-04-253|.|.|.|.|Tier-04|.|.|152|Tier-04-168|.
Tier-04-254|.|.|.|.|Tier-04|.|.|153|Tier-04-168|.
Tier-04-255|.|.|.|.|Tier-04|.|.|154|Tier-04-168|.
Tier-04-256|.|.|.|.|Tier-04|.|.|32|Tier-04-168|.
Tier-04-257|.|.|.|.|Tier-04|.|.|53|Tier-04-168|.
Tier-04-258|.|.|.|.|Tier-04|.|.|124|Tier-04-168|.
Tier-04-259|.|.|.|.|Tier-04|.|.|42|Tier-04-206|.
Tier-04-260|.|.|.|.|Tier-04|.|.|32|Tier-04-206|.
Tier-04-261|.|.|.|.|Tier-04|.|.|87|Tier-04-206|.
Tier-04-262|.|.|.|.|Tier-04|.|.|109|Tier-04-206|.
Tier-04-263|.|.|.|.|Tier-04|.|.|110|Tier-04-206|.
Tier-04-264|.|.|.|.|Tier-04|.|.|111|Tier-04-206|.
Tier-04-265|.|.|.|.|Tier-04|.|.|124|Tier-04-206|.
Tier-04-266|.|.|.|.|Tier-04|.|.|43|Tier-04-260|.
Tier-04-267|.|.|.|.|Tier-04|.|.|44|Tier-04-260|.
Tier-04-268|.|.|.|.|Tier-04|.|.|45|Tier-04-260|.
Tier-04-269|.|.|.|.|Tier-04|.|.|50|Tier-04-244|.
Tier-04-270|.|.|.|.|Tier-04|.|.|51|Tier-04-244|.
Tier-04-271|.|.|.|.|Tier-04|.|.|31|Tier-04-244|.
Tier-04-272|.|.|.|.|Tier-04|.|.|87|Tier-04-244|.
Tier-04-273|.|.|.|.|Tier-04|.|.|121|Tier-04-244|.
Tier-04-274|.|.|.|.|Tier-04|.|.|109|Tier-04-244|.
Tier-04-275|.|.|.|.|Tier-04|.|.|110|Tier-04-244|.
Tier-04-276|.|.|.|.|Tier-04|.|.|133|Tier-04-244|.
Tier-04-277|.|.|.|.|Tier-04|.|.|58|Tier-04-173|.
Tier-04-278|.|.|.|.|Tier-04|.|.|59|Tier-04-173|.
Tier-04-279|.|.|.|.|Tier-04|.|.|60|Tier-04-173|.
Tier-04-280|.|.|.|.|Tier-04|.|.|61|Tier-04-173|.
Tier-04-281|.|.|.|.|Tier-04|.|.|160|Tier-04-257|.
Tier-04-282|.|.|.|.|Tier-04|.|.|161|Tier-04-257|.
Tier-04-283|.|.|.|.|Tier-04|.|.|162|Tier-04-257|.
Tier-04-284|.|.|.|.|Tier-04|.|.|163|Tier-04-257|.
Tier-04-285|.|.|.|.|Tier-04|.|.|164|Tier-04-257|.
Tier-04-286|.|.|.|.|Tier-04|.|.|170|Tier-04-245|.
Tier-04-287|.|.|.|.|Tier-04|.|.|.|Tier-04-245|.
Tier-04-288|.|.|.|.|Tier-04|.|.|.|Tier-04-245|.
Tier-04-289|.|.|.|.|Tier-04|.|.|32|Tier-04-046|.
Tier-04-290|.|.|.|.|Tier-04|.|.|57|Tier-04-046|.
Tier-04-291|.|.|.|.|Tier-04|.|.|66|Tier-04-290|.
Tier-04-292|.|.|.|.|Tier-04|.|.|112|Tier-04-290|.
Tier-04-293|.|.|.|.|Tier-04|.|.|85|Tier-04-059|.
Tier-04-294|.|.|.|.|Tier-04|.|.|124|Tier-04-059|.
Tier-04-295|.|.|.|.|Tier-04|.|.|89|Tier-04-272|.
Tier-04-296|.|.|.|.|Tier-04|.|.|90|Tier-04-272|.
Tier-04-297|.|.|.|.|Tier-04|.|.|121|Tier-04-061|.
Tier-04-298|.|.|.|.|Tier-04|.|.|133|Tier-04-061|.
Tier-04-299|.|.|.|.|Tier-04|.|.|101|Tier-04-062|.
Tier-04-300|.|.|.|.|Tier-04|.|.|85|Tier-04-062|.
Tier-04-301|.|.|.|.|Tier-04|.|.|121|Tier-04-062|.
Tier-04-302|.|.|.|.|Tier-04|.|.|133|Tier-04-062|.
Tier-04-303|.|.|.|.|Tier-04|.|.|121|Tier-04-063|.
Tier-04-304|.|.|.|.|Tier-04|.|.|133|Tier-04-063|.
Tier-04-305|.|.|.|.|Tier-04|.|.|103|Tier-04-064|.
Tier-04-306|.|.|.|.|Tier-04|.|.|121|Tier-04-064|.
Tier-04-307|.|.|.|.|Tier-04|.|.|133|Tier-04-163|.
Tier-04-308|.|.|.|.|Tier-04|.|.|132|Tier-04-165|.
Tier-04-309|.|.|.|.|Tier-04|.|.|131|Tier-04-067|.
Tier-04-310|.|.|.|.|Tier-04|.|.|160|Tier-04-257|.
Tier-04-311|.|.|.|.|Tier-04|.|.|161|Tier-04-257|.
Tier-04-312|.|.|.|.|Tier-04|.|.|162|Tier-04-257|.
Tier-04-313|.|.|.|.|Tier-04|.|.|163|Tier-04-257|.
Tier-04-314|.|.|.|.|Tier-04|.|.|164|Tier-04-257|.
Tier-04-315|.|.|.|.|Tier-04|.|.|85|Tier-04-059|.
Tier-04-316|.|.|.|.|Tier-04|.|.|124|Tier-04-059|.
Tier-04-317|.|.|.|.|Tier-04|.|.|89|Tier-04-272|.
Tier-04-318|.|.|.|.|Tier-04|.|.|90|Tier-04-272|.
Tier-04-319|.|.|.|.|Tier-04|.|.|121|Tier-04-061|.
Tier-04-320|.|.|.|.|Tier-04|.|.|133|Tier-04-061|.
Tier-04-321|.|.|.|.|Tier-04|.|.|101|Tier-04-062|.
Tier-04-322|.|.|.|.|Tier-04|.|.|85|Tier-04-062|.
Tier-04-323|.|.|.|.|Tier-04|.|.|121|Tier-04-062|.
Tier-04-324|.|.|.|.|Tier-04|.|.|133|Tier-04-062|.
Tier-04-325|.|.|.|.|Tier-04|.|.|121|Tier-04-063|.
Tier-04-326|.|.|.|.|Tier-04|.|.|133|Tier-04-063|.
Tier-04-327|.|.|.|.|Tier-04|.|.|103|Tier-04-064|.
Tier-04-328|.|.|.|.|Tier-04|.|.|121|Tier-04-064|.
Tier-04-329|.|.|.|.|Tier-04|.|.|133|Tier-04-163|.
Tier-04-330|.|.|.|.|Tier-04|.|.|132|Tier-04-165|.
Tier-04-331|.|.|.|.|Tier-04|.|.|131|Tier-04-067|.
Tier-04-332|.|.|.|.|Tier-04|.|.|47|Tier-04-171|.
Tier-04-333|.|.|.|.|Tier-04|.|.|48|Tier-04-171|.
Tier-04-334|.|.|.|.|Tier-04|.|.|49|Tier-04-171|.
Tier-04-335|.|.|.|.|Tier-04|.|.|157|Tier-04-171|.
Tier-04-336|.|.|.|.|Tier-04|.|.|43|Tier-04-289|.
Tier-04-337|.|.|.|.|Tier-04|.|.|44|Tier-04-289|.
Tier-04-338|.|.|.|.|Tier-04|.|.|45|Tier-04-289|.
Tier-04-339|.|.|.|.|Tier-04|.|.|89|Tier-04-272|.
Tier-04-340|.|.|.|.|Tier-04|.|.|90|Tier-04-272|.
Tier-04-341|.|.|.|.|Tier-04|.|.|113|Tier-04-274|.
Tier-04-342|.|.|.|.|Tier-04|.|.|114|Tier-04-274|.
Tier-04-343|.|.|.|.|Tier-04|.|.|115|Tier-04-275|.
Tier-04-344|.|.|.|.|Tier-04|.|.|116|Tier-04-275|.
Tier-04-345|.|.|.|.|Tier-04|.|.|117|Tier-04-264|.
Tier-04-346|.|.|.|.|Tier-04|.|.|118|Tier-04-264|.
Tier-04-347|.|.|.|.|Tier-04|.|.|190|Tier-04-322|.
Tier-04-348|.|.|.|.|Tier-04|.|.|120|Tier-04-322|.
Tier-04-349|.|.|.|.|Tier-04|.|.|125|Tier-04-322|.
Tier-04-350|.|.|.|.|Tier-04|.|.|126|Tier-04-322|.
Tier-04-351|.|.|.|.|Tier-04|.|.|36|Tier-04-242|.
Tier-04-352|.|.|.|.|Tier-04|.|.|34|Tier-04-242|.
Tier-04-353|.|.|.|.|Tier-04|.|.|37|Tier-04-168|.
Tier-04-354|.|.|.|.|Tier-04|.|.|38|Tier-04-168|.
Tier-04-355|.|.|.|.|Tier-04|.|.|39|Tier-04-168|.
Tier-04-356|.|.|.|.|Tier-04|.|.|40|Tier-04-168|.
Tier-04-357|.|.|.|.|Tier-04|.|.|41|Tier-04-168|.
Tier-04-358|.|.|.|.|Tier-04|.|.|150|Tier-04-168|.
Tier-04-359|.|.|.|.|Tier-04|.|.|151|Tier-04-168|.
Tier-04-360|.|.|.|.|Tier-04|.|.|152|Tier-04-168|.
Tier-04-361|.|.|.|.|Tier-04|.|.|153|Tier-04-168|.
Tier-04-362|.|.|.|.|Tier-04|.|.|154|Tier-04-168|.
Tier-04-363|.|.|.|.|Tier-04|.|.|32|Tier-04-168|.
Tier-04-364|.|.|.|.|Tier-04|.|.|53|Tier-04-168|.
Tier-04-365|.|.|.|.|Tier-04|.|.|124|Tier-04-168|.
Tier-04-366|.|.|.|.|Tier-04|.|.|42|Tier-04-271|.
Tier-04-367|.|.|.|.|Tier-04|.|.|32|Tier-04-271|.
Tier-04-368|.|.|.|.|Tier-04|.|.|87|Tier-04-271|.
Tier-04-369|.|.|.|.|Tier-04|.|.|109|Tier-04-271|.
Tier-04-370|.|.|.|.|Tier-04|.|.|110|Tier-04-271|.
Tier-04-371|.|.|.|.|Tier-04|.|.|111|Tier-04-271|.
Tier-04-372|.|.|.|.|Tier-04|.|.|124|Tier-04-271|.
Tier-04-373|.|.|.|.|Tier-04|.|.|43|Tier-04-367|.
Tier-04-374|.|.|.|.|Tier-04|.|.|44|Tier-04-367|.
Tier-04-375|.|.|.|.|Tier-04|.|.|45|Tier-04-367|.
Tier-04-376|.|.|.|.|Tier-04|.|.|47|Tier-04-352|.
Tier-04-377|.|.|.|.|Tier-04|.|.|48|Tier-04-352|.
Tier-04-378|.|.|.|.|Tier-04|.|.|49|Tier-04-352|.
Tier-04-379|.|.|.|.|Tier-04|.|.|157|Tier-04-352|.
Tier-04-380|.|.|.|.|Tier-04|.|.|50|Tier-04-244|.
Tier-04-381|.|.|.|.|Tier-04|.|.|51|Tier-04-244|.
Tier-04-382|.|.|.|.|Tier-04|.|.|31|Tier-04-244|.
Tier-04-383|.|.|.|.|Tier-04|.|.|87|Tier-04-244|.
Tier-04-384|.|.|.|.|Tier-04|.|.|121|Tier-04-244|.
Tier-04-385|.|.|.|.|Tier-04|.|.|109|Tier-04-244|.
Tier-04-386|.|.|.|.|Tier-04|.|.|110|Tier-04-244|.
Tier-04-387|.|.|.|.|Tier-04|.|.|133|Tier-04-244|.
Tier-04-388|.|.|.|.|Tier-04|.|.|58|Tier-04-173|.
Tier-04-389|.|.|.|.|Tier-04|.|.|59|Tier-04-173|.
Tier-04-390|.|.|.|.|Tier-04|.|.|60|Tier-04-173|.
Tier-04-391|.|.|.|.|Tier-04|.|.|61|Tier-04-173|.
Tier-04-392|.|.|.|.|Tier-04|.|.|160|Tier-04-364|.
Tier-04-393|.|.|.|.|Tier-04|.|.|161|Tier-04-364|.
Tier-04-394|.|.|.|.|Tier-04|.|.|162|Tier-04-364|.
Tier-04-395|.|.|.|.|Tier-04|.|.|163|Tier-04-364|.
Tier-04-396|.|.|.|.|Tier-04|.|.|164|Tier-04-364|.
Tier-04-397|.|.|.|.|Tier-04|.|.|66|Tier-04-290|.
Tier-04-398|.|.|.|.|Tier-04|.|.|112|Tier-04-290|.
Tier-04-399|.|.|.|.|Tier-04|.|.|85|Tier-04-174|.
Tier-04-400|.|.|.|.|Tier-04|.|.|85|Tier-04-175|.
Tier-04-401|.|.|.|.|Tier-04|.|.|74|Tier-04-176|.
Tier-04-402|.|.|.|.|Tier-04|.|.|75|Tier-04-176|.
Tier-04-403|.|.|.|.|Tier-04|.|.|76|Tier-04-176|.
Tier-04-404|.|.|.|.|Tier-04|.|.|180|Tier-04-176|.
Tier-04-405|.|.|.|.|Tier-04|.|.|85|Tier-04-176|.
Tier-04-406|.|.|.|.|Tier-04|.|.|82|Tier-04-156|.
Tier-04-407|.|.|.|.|Tier-04|.|.|124|Tier-04-156|.
Tier-04-408|.|.|.|.|Tier-04|.|.|83|Tier-04-157|.
Tier-04-409|.|.|.|.|Tier-04|.|.|124|Tier-04-157|.
Tier-04-410|.|.|.|.|Tier-04|.|.|84|Tier-04-158|.
Tier-04-411|.|.|.|.|Tier-04|.|.|124|Tier-04-158|.
Tier-04-412|.|.|.|.|Tier-04|.|.|190|Tier-04-405|.
Tier-04-413|.|.|.|.|Tier-04|.|.|120|Tier-04-405|.
Tier-04-414|.|.|.|.|Tier-04|.|.|125|Tier-04-405|.
Tier-04-415|.|.|.|.|Tier-04|.|.|126|Tier-04-405|.
Tier-04-416|.|.|.|.|Tier-04|.|.|89|Tier-04-383|.
Tier-04-417|.|.|.|.|Tier-04|.|.|90|Tier-04-383|.
Tier-04-418|.|.|.|.|Tier-04|.|.|93|Tier-04-161|.
Tier-04-419|.|.|.|.|Tier-04|.|.|132|Tier-04-162|.
Tier-04-420|.|.|.|.|Tier-04|.|.|133|Tier-04-162|.
Tier-04-421|.|.|.|.|Tier-04|.|.|133|Tier-04-163|.
Tier-04-422|.|.|.|.|Tier-04|.|.|107|Tier-04-164|.
Tier-04-423|.|.|.|.|Tier-04|.|.|108|Tier-04-164|.
Tier-04-424|.|.|.|.|Tier-04|.|.|132|Tier-04-165|.
Tier-04-425|.|.|.|.|Tier-04|.|.|25|Tier-04-179|.
Tier-04-426|.|.|.|.|Tier-04|.|.|30|Tier-04-179|.
Tier-04-427|.|.|.|.|Tier-04|.|.|31|Tier-04-179|.
Tier-04-428|.|.|.|.|Tier-04|.|.|32|Tier-04-179|.
Tier-04-429|.|.|.|.|Tier-04|.|.|35|Tier-04-179|.
Tier-04-430|.|.|.|.|Tier-04|.|.|52|Tier-04-179|.
Tier-04-431|.|.|.|.|Tier-04|.|.|53|Tier-04-179|.
Tier-04-432|.|.|.|.|Tier-04|.|.|54|Tier-04-179|.
Tier-04-433|.|.|.|.|Tier-04|.|.|55|Tier-04-179|.
Tier-04-434|.|.|.|.|Tier-04|.|.|56|Tier-04-179|.
Tier-04-435|.|.|.|.|Tier-04|.|.|57|Tier-04-179|.
Tier-04-436|.|.|.|.|Tier-04|.|.|71|Tier-04-179|.
Tier-04-437|.|.|.|.|Tier-04|.|.|87|Tier-04-179|.
Tier-04-438|.|.|.|.|Tier-04|.|.|95|Tier-04-179|.
Tier-04-439|.|.|.|.|Tier-04|.|.|96|Tier-04-179|.
Tier-04-440|.|.|.|.|Tier-04|.|.|99|Tier-04-179|.
Tier-04-441|.|.|.|.|Tier-04|.|.|106|Tier-04-179|.
Tier-04-442|.|.|.|.|Tier-04|.|.|127|Tier-04-179|.
Tier-04-443|.|.|.|.|Tier-04|.|.|27|Tier-04-180|.
Tier-04-444|.|.|.|.|Tier-04|.|.|30|Tier-04-180|.
Tier-04-445|.|.|.|.|Tier-04|.|.|31|Tier-04-180|.
Tier-04-446|.|.|.|.|Tier-04|.|.|32|Tier-04-180|.
Tier-04-447|.|.|.|.|Tier-04|.|.|35|Tier-04-180|.
Tier-04-448|.|.|.|.|Tier-04|.|.|52|Tier-04-180|.
Tier-04-449|.|.|.|.|Tier-04|.|.|53|Tier-04-180|.
Tier-04-450|.|.|.|.|Tier-04|.|.|54|Tier-04-180|.
Tier-04-451|.|.|.|.|Tier-04|.|.|55|Tier-04-180|.
Tier-04-452|.|.|.|.|Tier-04|.|.|56|Tier-04-180|.
Tier-04-453|.|.|.|.|Tier-04|.|.|57|Tier-04-180|.
Tier-04-454|.|.|.|.|Tier-04|.|.|71|Tier-04-180|.
Tier-04-455|.|.|.|.|Tier-04|.|.|87|Tier-04-180|.
Tier-04-456|.|.|.|.|Tier-04|.|.|95|Tier-04-180|.
Tier-04-457|.|.|.|.|Tier-04|.|.|96|Tier-04-180|.
Tier-04-458|.|.|.|.|Tier-04|.|.|97|Tier-04-180|.
Tier-04-459|.|.|.|.|Tier-04|.|.|98|Tier-04-180|.
Tier-04-460|.|.|.|.|Tier-04|.|.|99|Tier-04-180|.
Tier-04-461|.|.|.|.|Tier-04|.|.|106|Tier-04-180|.
Tier-04-462|.|.|.|.|Tier-04|.|.|127|Tier-04-180|.
Tier-04-463|.|.|.|.|Tier-04|.|.|36|Tier-04-242|.
Tier-04-464|.|.|.|.|Tier-04|.|.|34|Tier-04-242|.
Tier-04-465|.|.|.|.|Tier-04|.|.|37|Tier-04-444|.
Tier-04-466|.|.|.|.|Tier-04|.|.|38|Tier-04-444|.
Tier-04-467|.|.|.|.|Tier-04|.|.|39|Tier-04-444|.
Tier-04-468|.|.|.|.|Tier-04|.|.|40|Tier-04-444|.
Tier-04-469|.|.|.|.|Tier-04|.|.|41|Tier-04-444|.
Tier-04-470|.|.|.|.|Tier-04|.|.|150|Tier-04-444|.
Tier-04-471|.|.|.|.|Tier-04|.|.|151|Tier-04-444|.
Tier-04-472|.|.|.|.|Tier-04|.|.|152|Tier-04-444|.
Tier-04-473|.|.|.|.|Tier-04|.|.|153|Tier-04-444|.
Tier-04-474|.|.|.|.|Tier-04|.|.|154|Tier-04-444|.
Tier-04-475|.|.|.|.|Tier-04|.|.|32|Tier-04-444|.
Tier-04-476|.|.|.|.|Tier-04|.|.|53|Tier-04-444|.
Tier-04-477|.|.|.|.|Tier-04|.|.|124|Tier-04-444|.
Tier-04-478|.|.|.|.|Tier-04|.|.|42|Tier-04-445|.
Tier-04-479|.|.|.|.|Tier-04|.|.|32|Tier-04-445|.
Tier-04-480|.|.|.|.|Tier-04|.|.|87|Tier-04-445|.
Tier-04-481|.|.|.|.|Tier-04|.|.|109|Tier-04-445|.
Tier-04-482|.|.|.|.|Tier-04|.|.|110|Tier-04-445|.
Tier-04-483|.|.|.|.|Tier-04|.|.|111|Tier-04-445|.
Tier-04-484|.|.|.|.|Tier-04|.|.|124|Tier-04-445|.
Tier-04-485|.|.|.|.|Tier-04|.|.|43|Tier-04-479|.
Tier-04-486|.|.|.|.|Tier-04|.|.|44|Tier-04-479|.
Tier-04-487|.|.|.|.|Tier-04|.|.|45|Tier-04-479|.
Tier-04-488|.|.|.|.|Tier-04|.|.|47|Tier-04-464|.
Tier-04-489|.|.|.|.|Tier-04|.|.|48|Tier-04-464|.
Tier-04-490|.|.|.|.|Tier-04|.|.|49|Tier-04-464|.
Tier-04-491|.|.|.|.|Tier-04|.|.|157|Tier-04-464|.
Tier-04-492|.|.|.|.|Tier-04|.|.|50|Tier-04-447|.
Tier-04-493|.|.|.|.|Tier-04|.|.|51|Tier-04-447|.
Tier-04-494|.|.|.|.|Tier-04|.|.|31|Tier-04-447|.
Tier-04-495|.|.|.|.|Tier-04|.|.|87|Tier-04-447|.
Tier-04-496|.|.|.|.|Tier-04|.|.|121|Tier-04-447|.
Tier-04-497|.|.|.|.|Tier-04|.|.|109|Tier-04-447|.
Tier-04-498|.|.|.|.|Tier-04|.|.|110|Tier-04-447|.
Tier-04-499|.|.|.|.|Tier-04|.|.|133|Tier-04-447|.
Tier-04-500|.|.|.|.|Tier-04|.|.|58|Tier-04-448|.
Tier-04-501|.|.|.|.|Tier-04|.|.|59|Tier-04-448|.
Tier-04-502|.|.|.|.|Tier-04|.|.|60|Tier-04-448|.
Tier-04-503|.|.|.|.|Tier-04|.|.|61|Tier-04-448|.
Tier-04-504|.|.|.|.|Tier-04|.|.|160|Tier-04-476|.
Tier-04-505|.|.|.|.|Tier-04|.|.|161|Tier-04-476|.
Tier-04-506|.|.|.|.|Tier-04|.|.|162|Tier-04-476|.
Tier-04-507|.|.|.|.|Tier-04|.|.|163|Tier-04-476|.
Tier-04-508|.|.|.|.|Tier-04|.|.|164|Tier-04-476|.
Tier-04-509|.|.|.|.|Tier-04|.|.|66|Tier-04-453|.
Tier-04-510|.|.|.|.|Tier-04|.|.|112|Tier-04-453|.
Tier-04-511|.|.|.|.|Tier-04|.|.|85|Tier-04-174|.
Tier-04-512|.|.|.|.|Tier-04|.|.|85|Tier-04-175|.
Tier-04-513|.|.|.|.|Tier-04|.|.|74|Tier-04-176|.
Tier-04-514|.|.|.|.|Tier-04|.|.|75|Tier-04-176|.
Tier-04-515|.|.|.|.|Tier-04|.|.|76|Tier-04-176|.
Tier-04-516|.|.|.|.|Tier-04|.|.|180|Tier-04-176|.
Tier-04-517|.|.|.|.|Tier-04|.|.|85|Tier-04-176|.
Tier-04-518|.|.|.|.|Tier-04|.|.|82|Tier-04-156|.
Tier-04-519|.|.|.|.|Tier-04|.|.|124|Tier-04-156|.
Tier-04-520|.|.|.|.|Tier-04|.|.|83|Tier-04-157|.
Tier-04-521|.|.|.|.|Tier-04|.|.|124|Tier-04-157|.
Tier-04-522|.|.|.|.|Tier-04|.|.|84|Tier-04-158|.
Tier-04-523|.|.|.|.|Tier-04|.|.|124|Tier-04-158|.
Tier-04-524|.|.|.|.|Tier-04|.|.|190|Tier-04-517|.
Tier-04-525|.|.|.|.|Tier-04|.|.|120|Tier-04-517|.
Tier-04-526|.|.|.|.|Tier-04|.|.|125|Tier-04-517|.
Tier-04-527|.|.|.|.|Tier-04|.|.|126|Tier-04-517|.
Tier-04-528|.|.|.|.|Tier-04|.|.|89|Tier-04-495|.
Tier-04-529|.|.|.|.|Tier-04|.|.|90|Tier-04-495|.
Tier-04-530|.|.|.|.|Tier-04|.|.|93|Tier-04-161|.
Tier-04-531|.|.|.|.|Tier-04|.|.|132|Tier-04-162|.
Tier-04-532|.|.|.|.|Tier-04|.|.|133|Tier-04-162|.
Tier-04-533|.|.|.|.|Tier-04|.|.|133|Tier-04-460|.
Tier-04-534|.|.|.|.|Tier-04|.|.|107|Tier-04-164|.
Tier-04-535|.|.|.|.|Tier-04|.|.|108|Tier-04-164|.
Tier-04-536|.|.|.|.|Tier-04|.|.|132|Tier-04-461|.
Tier-04-537|.|.|.|.|Tier-04|.|.|25|Tier-04-179|.
Tier-04-538|.|.|.|.|Tier-04|.|.|18|Tier-04-179|.
Tier-04-539|.|.|.|.|Tier-04|.|.|19|Tier-04-179|.
Tier-04-540|.|.|.|.|Tier-04|.|.|30|Tier-04-179|.
Tier-04-541|.|.|.|.|Tier-04|.|.|31|Tier-04-179|.
Tier-04-542|.|.|.|.|Tier-04|.|.|32|Tier-04-179|.
Tier-04-543|.|.|.|.|Tier-04|.|.|35|Tier-04-179|.
Tier-04-544|.|.|.|.|Tier-04|.|.|52|Tier-04-179|.
Tier-04-545|.|.|.|.|Tier-04|.|.|53|Tier-04-179|.
Tier-04-546|.|.|.|.|Tier-04|.|.|54|Tier-04-179|.
Tier-04-547|.|.|.|.|Tier-04|.|.|55|Tier-04-179|.
Tier-04-548|.|.|.|.|Tier-04|.|.|56|Tier-04-179|.
Tier-04-549|.|.|.|.|Tier-04|.|.|57|Tier-04-179|.
Tier-04-550|.|.|.|.|Tier-04|.|.|71|Tier-04-179|.
Tier-04-551|.|.|.|.|Tier-04|.|.|87|Tier-04-179|.
Tier-04-552|.|.|.|.|Tier-04|.|.|95|Tier-04-179|.
Tier-04-553|.|.|.|.|Tier-04|.|.|96|Tier-04-179|.
Tier-04-554|.|.|.|.|Tier-04|.|.|99|Tier-04-179|.
Tier-04-555|.|.|.|.|Tier-04|.|.|106|Tier-04-179|.
Tier-04-556|.|.|.|.|Tier-04|.|.|127|Tier-04-179|.
Tier-04-557|.|.|.|.|Tier-04|.|.|27|Tier-04-180|.
Tier-04-558|.|.|.|.|Tier-04|.|.|30|Tier-04-180|.
Tier-04-559|.|.|.|.|Tier-04|.|.|31|Tier-04-180|.
Tier-04-560|.|.|.|.|Tier-04|.|.|32|Tier-04-180|.
Tier-04-561|.|.|.|.|Tier-04|.|.|35|Tier-04-180|.
Tier-04-562|.|.|.|.|Tier-04|.|.|52|Tier-04-180|.
Tier-04-563|.|.|.|.|Tier-04|.|.|53|Tier-04-180|.
Tier-04-564|.|.|.|.|Tier-04|.|.|54|Tier-04-180|.
Tier-04-565|.|.|.|.|Tier-04|.|.|55|Tier-04-180|.
Tier-04-566|.|.|.|.|Tier-04|.|.|56|Tier-04-180|.
Tier-04-567|.|.|.|.|Tier-04|.|.|57|Tier-04-180|.
Tier-04-568|.|.|.|.|Tier-04|.|.|71|Tier-04-180|.
Tier-04-569|.|.|.|.|Tier-04|.|.|87|Tier-04-180|.
Tier-04-570|.|.|.|.|Tier-04|.|.|95|Tier-04-180|.
Tier-04-571|.|.|.|.|Tier-04|.|.|96|Tier-04-180|.
Tier-04-572|.|.|.|.|Tier-04|.|.|97|Tier-04-180|.
Tier-04-573|.|.|.|.|Tier-04|.|.|98|Tier-04-180|.
Tier-04-574|.|.|.|.|Tier-04|.|.|99|Tier-04-180|.
Tier-04-575|.|.|.|.|Tier-04|.|.|106|Tier-04-180|.
Tier-04-576|.|.|.|.|Tier-04|.|.|127|Tier-04-180|.
qwerty-001|.|.|.|.|qwerty|.|.|1||.
qwertyu-001|.|.|.|.|qwertyu|.|.|1||.
qwertyu-001|.|.|.|.|qwertyu|.|.|1||.